{
    "no2": {
        "const": 28.215904159147637,
        "traffico": 0.004246005798733335,
        "temperatura": -0.7623004288452475,
        "vento": -6.0414297669134065,
        "precipitazioni": -0.07626140105673891
    },
    "nox": {
        "const": 25.662045246833173,
        "traffico": 0.005889055105582033,
        "temperatura": -0.9371939043878736,
        "vento": -5.934730363309319,
        "precipitazioni": -0.12873946817083365
    },
    "no": {
        "const": 13.617582943228916,
        "traffico": 0.0045776509377655095,
        "temperatura": -0.6737477670407129,
        "vento": -3.4538142032230006,
        "precipitazioni": -0.11159974718143321
    },
    "pm10": {
        "const": 15.46545386686773,
        "traffico": 0.003258017493271357,
        "temperatura": 0.03010637291702484,
        "vento": -4.650233444224899,
        "precipitazioni": -0.1756688673650235
    },
    "pm2.5": {
        "const": 9.65534270436095,
        "traffico": 0.0023575120856640167,
        "temperatura": -0.0738275460033877,
        "vento": -3.234311932488576,
        "precipitazioni": -0.08886206558459621
    }
}